n_clusters,rci_score,execution_time,cluster_sizes
8,-0.99022526,579.1416754722595,"{2: 2228, 0: 2152, 3: 1430, 6: 1340, 4: 1299, 7: 889, 5: 660, 1: 2}"
